{"is_source_file": true, "format": "Python", "description": "This file appears to be an __init__.py file for a package of ORM models, possibly used to initialize the models module.", "external_files": [], "external_methods": [], "published": [], "classes": [], "methods": [], "calls": [], "search-terms": ["orm", "models", "package initialization", "__init__.py"], "state": 2, "file_id": 14, "knowledge_revision": 31, "git_revision": "b53360eed3aee7a750477fd2b1cbb607a0f73555", "ctags": [], "hash": "e85b99a07f76804417da6dfd0de9285a", "format-version": 4, "code-base-name": "taxi_backend", "filename": "taxi_backend/src/api/models/__init__.py", "revision_history": [{"31": "b53360eed3aee7a750477fd2b1cbb607a0f73555"}]}