{"is_source_file": true, "format": "Python", "description": "This file provides security-related utilities for an API service, including password hashing, JWT token creation and decoding, and environment variable management for security credentials.", "external_files": ["jwt", "passlib.context"], "external_methods": ["jwt.encode", "jwt.decode"], "published": ["hash_password", "verify_password", "create_access_token", "decode_token"], "classes": [], "methods": [{"name": "str _require_env(name: str)", "description": "Retrieves a required environment variable, raising an error if not set.", "scope": "", "scopeKind": ""}, {"name": "str hash_password(password: str)", "description": "Hashes a plaintext password using bcrypt.", "scope": "", "scopeKind": ""}, {"name": "bool verify_password(password: str, password_hash: str)", "description": "Verifies a plaintext password against a stored hash.", "scope": "", "scopeKind": ""}, {"name": "str create_access_token(*, subject: UUID, role: str, expires_minutes: Optional[int] = None)", "description": "Creates a signed JWT access token with user ID, role, and expiration.", "scope": "", "scopeKind": ""}, {"name": "Dict[str,Any] decode_token(token: str)", "description": "Decodes and validates a JWT token.", "scope": "", "scopeKind": ""}], "calls": ["os.getenv", "jwt.encode", "jwt.decode", "pwd_context.hash", "pwd_context.verify"], "search-terms": ["JWT_SECRET_KEY", "create_access_token", "verify_password", "hash_password", "security.py", "jwt"], "state": 2, "file_id": 8, "knowledge_revision": 25, "git_revision": "b53360eed3aee7a750477fd2b1cbb607a0f73555", "ctags": [{"_type": "tag", "name": "ACCESS_TOKEN_EXPIRE_MINUTES", "path": "/home/kavia/workspace/code-generation/rideconnect-201071-201080/taxi_backend/src/api/security.py", "pattern": "/^ACCESS_TOKEN_EXPIRE_MINUTES = int(os.getenv(\"ACCESS_TOKEN_EXPIRE_MINUTES\", \"60\"))$/", "language": "Python", "kind": "variable"}, {"_type": "tag", "name": "JWT_ALGORITHM", "path": "/home/kavia/workspace/code-generation/rideconnect-201071-201080/taxi_backend/src/api/security.py", "pattern": "/^JWT_ALGORITHM = os.getenv(\"JWT_ALGORITHM\", \"HS256\")$/", "language": "Python", "kind": "variable"}, {"_type": "tag", "name": "JWT_SECRET_KEY", "path": "/home/kavia/workspace/code-generation/rideconnect-201071-201080/taxi_backend/src/api/security.py", "pattern": "/^JWT_SECRET_KEY = _require_env(\"JWT_SECRET_KEY\")$/", "language": "Python", "kind": "variable"}, {"_type": "tag", "name": "_require_env", "path": "/home/kavia/workspace/code-generation/rideconnect-201071-201080/taxi_backend/src/api/security.py", "pattern": "/^def _require_env(name: str) -> str:$/", "language": "Python", "typeref": "typename:str", "kind": "function", "signature": "(name: str)"}, {"_type": "tag", "name": "create_access_token", "path": "/home/kavia/workspace/code-generation/rideconnect-201071-201080/taxi_backend/src/api/security.py", "pattern": "/^def create_access_token(*, subject: UUID, role: str, expires_minutes: Optional[int] = None) -> s/", "language": "Python", "typeref": "typename:str", "kind": "function", "signature": "(*, subject: UUID, role: str, expires_minutes: Optional[int] = None)"}, {"_type": "tag", "name": "decode_token", "path": "/home/kavia/workspace/code-generation/rideconnect-201071-201080/taxi_backend/src/api/security.py", "pattern": "/^def decode_token(token: str) -> Dict[str, Any]:$/", "language": "Python", "typeref": "typename:Dict[str,Any]", "kind": "function", "signature": "(token: str)"}, {"_type": "tag", "name": "hash_password", "path": "/home/kavia/workspace/code-generation/rideconnect-201071-201080/taxi_backend/src/api/security.py", "pattern": "/^def hash_password(password: str) -> str:$/", "language": "Python", "typeref": "typename:str", "kind": "function", "signature": "(password: str)"}, {"_type": "tag", "name": "pwd_context", "path": "/home/kavia/workspace/code-generation/rideconnect-201071-201080/taxi_backend/src/api/security.py", "pattern": "/^pwd_context = CryptContext(schemes=[\"bcrypt\"], deprecated=\"auto\")$/", "language": "Python", "kind": "variable"}, {"_type": "tag", "name": "verify_password", "path": "/home/kavia/workspace/code-generation/rideconnect-201071-201080/taxi_backend/src/api/security.py", "pattern": "/^def verify_password(password: str, password_hash: str) -> bool:$/", "language": "Python", "typeref": "typename:bool", "kind": "function", "signature": "(password: str, password_hash: str)"}], "hash": "5855573443efe008ff9eb56340c4ff9f", "format-version": 4, "code-base-name": "taxi_backend", "filename": "taxi_backend/src/api/security.py", "fields": [{"name": "ACCESS_TOKEN_EXPIRE_MINUTES = int(os.getenv(\"ACCESS_TOKEN_EXPIRE_MINUTES\", \"60\"))", "scope": "", "scopeKind": "", "description": "unavailable"}, {"name": "JWT_ALGORITHM = os.getenv(\"JWT_ALGORITHM\", \"HS256\")", "scope": "", "scopeKind": "", "description": "unavailable"}, {"name": "JWT_SECRET_KEY = _require_env(\"JWT_SECRET_KEY\")", "scope": "", "scopeKind": "", "description": "unavailable"}, {"name": "pwd_context = CryptContext(schemes=[\"bcrypt\"], deprecated=\"auto\")", "scope": "", "scopeKind": "", "description": "unavailable"}], "revision_history": [{"25": "b53360eed3aee7a750477fd2b1cbb607a0f73555"}]}