{"is_source_file": true, "file_id": 7, "git_revision": "", "state": 1, "description": "", "external_files": [], "external_methods": [], "published": [], "classes": [], "methods": [], "calls": [], "search-terms": [], "ctags": [{"_type": "tag", "name": "User", "path": "/home/kavia/workspace/code-generation/rideconnect-201071-201080/taxi_backend/src/api/models/user.py", "pattern": "/^class User(Base):$/", "language": "Python", "kind": "class"}, {"_type": "tag", "name": "UserRole", "path": "/home/kavia/workspace/code-generation/rideconnect-201071-201080/taxi_backend/src/api/models/user.py", "pattern": "/^class UserRole(str, enum.Enum):$/", "language": "Python", "kind": "class"}, {"_type": "tag", "name": "__tablename__", "path": "/home/kavia/workspace/code-generation/rideconnect-201071-201080/taxi_backend/src/api/models/user.py", "pattern": "/^    __tablename__ = \"users\"$/", "file": true, "language": "Python", "kind": "variable", "scope": "User", "scopeKind": "class"}, {"_type": "tag", "name": "created_at", "path": "/home/kavia/workspace/code-generation/rideconnect-201071-201080/taxi_backend/src/api/models/user.py", "pattern": "/^    created_at: Mapped[datetime] = mapped_column($/", "language": "Python", "typeref": "typename:Mapped[datetime]", "kind": "variable", "scope": "User", "scopeKind": "class"}, {"_type": "tag", "name": "driver", "path": "/home/kavia/workspace/code-generation/rideconnect-201071-201080/taxi_backend/src/api/models/user.py", "pattern": "/^    driver = \"driver\"$/", "language": "Python", "kind": "variable", "scope": "UserRole", "scopeKind": "class"}, {"_type": "tag", "name": "email", "path": "/home/kavia/workspace/code-generation/rideconnect-201071-201080/taxi_backend/src/api/models/user.py", "pattern": "/^    email: Mapped[str] = mapped_column(Text, unique=True, nullable=False, index=True)$/", "language": "Python", "typeref": "typename:Mapped[str]", "kind": "variable", "scope": "User", "scopeKind": "class"}, {"_type": "tag", "name": "id", "path": "/home/kavia/workspace/code-generation/rideconnect-201071-201080/taxi_backend/src/api/models/user.py", "pattern": "/^    id: Mapped[uuid.UUID] = mapped_column(UUID(as_uuid=True), primary_key=True)$/", "language": "Python", "typeref": "typename:Mapped[uuid.UUID]", "kind": "variable", "scope": "User", "scopeKind": "class"}, {"_type": "tag", "name": "name", "path": "/home/kavia/workspace/code-generation/rideconnect-201071-201080/taxi_backend/src/api/models/user.py", "pattern": "/^    name: Mapped[str] = mapped_column(Text, nullable=False)$/", "language": "Python", "typeref": "typename:Mapped[str]", "kind": "variable", "scope": "User", "scopeKind": "class"}, {"_type": "tag", "name": "password_hash", "path": "/home/kavia/workspace/code-generation/rideconnect-201071-201080/taxi_backend/src/api/models/user.py", "pattern": "/^    password_hash: Mapped[str] = mapped_column(Text, nullable=False)$/", "language": "Python", "typeref": "typename:Mapped[str]", "kind": "variable", "scope": "User", "scopeKind": "class"}, {"_type": "tag", "name": "rider", "path": "/home/kavia/workspace/code-generation/rideconnect-201071-201080/taxi_backend/src/api/models/user.py", "pattern": "/^    rider = \"rider\"$/", "language": "Python", "kind": "variable", "scope": "UserRole", "scopeKind": "class"}, {"_type": "tag", "name": "role", "path": "/home/kavia/workspace/code-generation/rideconnect-201071-201080/taxi_backend/src/api/models/user.py", "pattern": "/^    role: Mapped[UserRole] = mapped_column(Enum(UserRole, name=\"user_role\"), nullable=False)$/", "language": "Python", "typeref": "typename:Mapped[UserRole]", "kind": "variable", "scope": "User", "scopeKind": "class"}], "format": "Python", "hash": "994a1ac517384acaf97f90d625167ac8", "format-version": 4, "code-base-name": "taxi_backend", "filename": "taxi_backend/src/api/models/user.py", "knowledge_revision": 12}