{"is_source_file": true, "file_id": 16, "git_revision": "", "state": 3, "description": "", "external_files": [], "external_methods": [], "published": [], "classes": [], "methods": [], "calls": [], "search-terms": [], "ctags": [{"_type": "tag", "name": "_unauthorized", "path": "/home/kavia/workspace/code-generation/rideconnect-201071-201080/taxi_backend/src/api/deps.py", "pattern": "/^def _unauthorized(detail: str) -> HTTPException:$/", "language": "Python", "typeref": "typename:HTTPException", "kind": "function", "signature": "(detail: str)"}, {"_type": "tag", "name": "bearer_scheme", "path": "/home/kavia/workspace/code-generation/rideconnect-201071-201080/taxi_backend/src/api/deps.py", "pattern": "/^bearer_scheme = HTTPBearer(auto_error=False)$/", "language": "Python", "kind": "variable"}, {"_type": "tag", "name": "get_current_token_payload", "path": "/home/kavia/workspace/code-generation/rideconnect-201071-201080/taxi_backend/src/api/deps.py", "pattern": "/^def get_current_token_payload($/", "language": "Python", "typeref": "typename:Dict[str,Any]", "kind": "function", "signature": "( credentials: HTTPAuthorizationCredentials | None = Depends(bearer_scheme), )"}, {"_type": "tag", "name": "get_current_user", "path": "/home/kavia/workspace/code-generation/rideconnect-201071-201080/taxi_backend/src/api/deps.py", "pattern": "/^def get_current_user(db: Session = Depends(get_db), user_id: UUID = Depends(get_current_user_id)/", "language": "Python", "typeref": "typename:User", "kind": "function", "signature": "(db: Session = Depends(get_db), user_id: UUID = Depends(get_current_user_id))"}, {"_type": "tag", "name": "get_current_user_id", "path": "/home/kavia/workspace/code-generation/rideconnect-201071-201080/taxi_backend/src/api/deps.py", "pattern": "/^def get_current_user_id(payload: Dict[str, Any] = Depends(get_current_token_payload)) -> UUID:$/", "language": "Python", "typeref": "typename:UUID", "kind": "function", "signature": "(payload: Dict[str, Any] = Depends(get_current_token_payload))"}, {"_type": "tag", "name": "require_driver", "path": "/home/kavia/workspace/code-generation/rideconnect-201071-201080/taxi_backend/src/api/deps.py", "pattern": "/^def require_driver(current_user: User = Depends(get_current_user)) -> User:$/", "language": "Python", "typeref": "typename:User", "kind": "function", "signature": "(current_user: User = Depends(get_current_user))"}], "format": "Python", "hash": "6fe172307fbf9a2538c9b204bfeedd1b", "format-version": 4, "code-base-name": "taxi_backend", "filename": "taxi_backend/src/api/deps.py", "knowledge_revision": 33}