{"is_source_file": true, "format": "Python", "description": "This file defines a Pydantic model 'UserPublic' representing public user data, including fields such as id, name, email, role, and created_at.", "external_files": ["pydantic", "datetime", "uuid"], "external_methods": [], "published": ["UserPublic"], "classes": [{"name": "UserPublic", "description": "A data model for public user information, including user ID, name, email, role, and creation timestamp."}], "methods": [], "calls": [], "search-terms": ["UserPublic", "pydantic", "UUID", "EmailStr", "BaseModel", "schemas", "User"], "state": 2, "file_id": 10, "knowledge_revision": 27, "git_revision": "b53360eed3aee7a750477fd2b1cbb607a0f73555", "ctags": [{"_type": "tag", "name": "UserPublic", "path": "/home/kavia/workspace/code-generation/rideconnect-201071-201080/taxi_backend/src/api/schemas/user.py", "pattern": "/^class UserPublic(BaseModel):$/", "language": "Python", "kind": "class"}, {"_type": "tag", "name": "created_at", "path": "/home/kavia/workspace/code-generation/rideconnect-201071-201080/taxi_backend/src/api/schemas/user.py", "pattern": "/^    created_at: datetime = Field(..., description=\"Account creation timestamp\")$/", "language": "Python", "typeref": "typename:datetime", "kind": "variable", "scope": "UserPublic", "scopeKind": "class"}, {"_type": "tag", "name": "email", "path": "/home/kavia/workspace/code-generation/rideconnect-201071-201080/taxi_backend/src/api/schemas/user.py", "pattern": "/^    email: EmailStr = Field(..., description=\"Email address\")$/", "language": "Python", "typeref": "typename:EmailStr", "kind": "variable", "scope": "UserPublic", "scopeKind": "class"}, {"_type": "tag", "name": "id", "path": "/home/kavia/workspace/code-generation/rideconnect-201071-201080/taxi_backend/src/api/schemas/user.py", "pattern": "/^    id: UUID = Field(..., description=\"User id\")$/", "language": "Python", "typeref": "typename:UUID", "kind": "variable", "scope": "UserPublic", "scopeKind": "class"}, {"_type": "tag", "name": "name", "path": "/home/kavia/workspace/code-generation/rideconnect-201071-201080/taxi_backend/src/api/schemas/user.py", "pattern": "/^    name: str = Field(..., description=\"Full name\")$/", "language": "Python", "typeref": "typename:str", "kind": "variable", "scope": "UserPublic", "scopeKind": "class"}, {"_type": "tag", "name": "role", "path": "/home/kavia/workspace/code-generation/rideconnect-201071-201080/taxi_backend/src/api/schemas/user.py", "pattern": "/^    role: str = Field(..., description=\"Role: rider or driver\")$/", "language": "Python", "typeref": "typename:str", "kind": "variable", "scope": "UserPublic", "scopeKind": "class"}], "hash": "4dcaef6f609fcb49498426f2ef7a6e29", "format-version": 4, "code-base-name": "taxi_backend", "filename": "taxi_backend/src/api/schemas/user.py", "fields": [{"name": "datetime created_at", "scope": "UserPublic", "scopeKind": "class", "description": "unavailable"}, {"name": "EmailStr email", "scope": "UserPublic", "scopeKind": "class", "description": "unavailable"}, {"name": "UUID id", "scope": "UserPublic", "scopeKind": "class", "description": "unavailable"}, {"name": "str name", "scope": "UserPublic", "scopeKind": "class", "description": "unavailable"}, {"name": "str role", "scope": "UserPublic", "scopeKind": "class", "description": "unavailable"}], "revision_history": [{"27": "b53360eed3aee7a750477fd2b1cbb607a0f73555"}]}