{"is_source_file": true, "file_id": 8, "git_revision": "", "state": 1, "description": "", "external_files": [], "external_methods": [], "published": [], "classes": [], "methods": [], "calls": [], "search-terms": [], "ctags": [{"_type": "tag", "name": "ACCESS_TOKEN_EXPIRE_MINUTES", "path": "/home/kavia/workspace/code-generation/rideconnect-201071-201080/taxi_backend/src/api/security.py", "pattern": "/^ACCESS_TOKEN_EXPIRE_MINUTES = int(os.getenv(\"ACCESS_TOKEN_EXPIRE_MINUTES\", \"60\"))$/", "language": "Python", "kind": "variable"}, {"_type": "tag", "name": "JWT_ALGORITHM", "path": "/home/kavia/workspace/code-generation/rideconnect-201071-201080/taxi_backend/src/api/security.py", "pattern": "/^JWT_ALGORITHM = os.getenv(\"JWT_ALGORITHM\", \"HS256\")$/", "language": "Python", "kind": "variable"}, {"_type": "tag", "name": "JWT_SECRET_KEY", "path": "/home/kavia/workspace/code-generation/rideconnect-201071-201080/taxi_backend/src/api/security.py", "pattern": "/^JWT_SECRET_KEY = _require_env(\"JWT_SECRET_KEY\")$/", "language": "Python", "kind": "variable"}, {"_type": "tag", "name": "_require_env", "path": "/home/kavia/workspace/code-generation/rideconnect-201071-201080/taxi_backend/src/api/security.py", "pattern": "/^def _require_env(name: str) -> str:$/", "language": "Python", "typeref": "typename:str", "kind": "function", "signature": "(name: str)"}, {"_type": "tag", "name": "create_access_token", "path": "/home/kavia/workspace/code-generation/rideconnect-201071-201080/taxi_backend/src/api/security.py", "pattern": "/^def create_access_token(*, subject: UUID, role: str, expires_minutes: Optional[int] = None) -> s/", "language": "Python", "typeref": "typename:str", "kind": "function", "signature": "(*, subject: UUID, role: str, expires_minutes: Optional[int] = None)"}, {"_type": "tag", "name": "decode_token", "path": "/home/kavia/workspace/code-generation/rideconnect-201071-201080/taxi_backend/src/api/security.py", "pattern": "/^def decode_token(token: str) -> Dict[str, Any]:$/", "language": "Python", "typeref": "typename:Dict[str,Any]", "kind": "function", "signature": "(token: str)"}, {"_type": "tag", "name": "hash_password", "path": "/home/kavia/workspace/code-generation/rideconnect-201071-201080/taxi_backend/src/api/security.py", "pattern": "/^def hash_password(password: str) -> str:$/", "language": "Python", "typeref": "typename:str", "kind": "function", "signature": "(password: str)"}, {"_type": "tag", "name": "pwd_context", "path": "/home/kavia/workspace/code-generation/rideconnect-201071-201080/taxi_backend/src/api/security.py", "pattern": "/^pwd_context = CryptContext(schemes=[\"bcrypt\"], deprecated=\"auto\")$/", "language": "Python", "kind": "variable"}, {"_type": "tag", "name": "verify_password", "path": "/home/kavia/workspace/code-generation/rideconnect-201071-201080/taxi_backend/src/api/security.py", "pattern": "/^def verify_password(password: str, password_hash: str) -> bool:$/", "language": "Python", "typeref": "typename:bool", "kind": "function", "signature": "(password: str, password_hash: str)"}], "format": "Python", "hash": "5855573443efe008ff9eb56340c4ff9f", "format-version": 4, "code-base-name": "taxi_backend", "filename": "taxi_backend/src/api/security.py", "knowledge_revision": 14}