{"is_source_file": true, "format": "Python", "description": "This file defines API route handlers for authentication endpoints (/register and /login) using FastAPI. It handles user registration and login, interacts with a database via SQLAlchemy, and manages JWT token generation.", "external_files": ["src.api.db", "src.api.models.user", "src.api.schemas.auth", "src.api.security"], "external_methods": ["get_db", "create_access_token", "hash_password", "verify_password"], "published": ["router"], "classes": [{"name": "User", "description": "SQLAlchemy model representing a user in the database."}, {"name": "UserRole", "description": "Enumeration defining possible user roles (e.g., rider, driver)."}, {"name": "TokenResponse", "description": "Schema representing the response containing the access token."}, {"name": "LoginRequest", "description": "Schema representing login request payload."}, {"name": "RegisterRequest", "description": "Schema representing registration request payload."}], "methods": [{"name": "TokenResponse register(payload: RegisterRequest, db: Session = Depends(get_db))", "description": "API endpoint to register a new user and return a JWT token.", "scope": "", "scopeKind": ""}, {"name": "TokenResponse login(payload: LoginRequest, db: Session = Depends(get_db))", "description": "API endpoint to authenticate a user and return a JWT token.", "scope": "", "scopeKind": ""}], "calls": ["create_access_token(subject=user.id, role=user.role.value)", "hash_password(payload.password)", "verify_password(payload.password, user.password_hash)"], "search-terms": ["/auth", "register", "login", "JWT", "FastAPI", "UserRole", "create_access_token"], "state": 2, "file_id": 11, "knowledge_revision": 28, "git_revision": "b53360eed3aee7a750477fd2b1cbb607a0f73555", "ctags": [{"_type": "tag", "name": "login", "path": "/home/kavia/workspace/code-generation/rideconnect-201071-201080/taxi_backend/src/api/routers/auth.py", "pattern": "/^def login(payload: LoginRequest, db: Session = Depends(get_db)) -> TokenResponse:$/", "language": "Python", "typeref": "typename:TokenResponse", "kind": "function", "signature": "(payload: LoginRequest, db: Session = Depends(get_db))"}, {"_type": "tag", "name": "register", "path": "/home/kavia/workspace/code-generation/rideconnect-201071-201080/taxi_backend/src/api/routers/auth.py", "pattern": "/^def register(payload: RegisterRequest, db: Session = Depends(get_db)) -> TokenResponse:$/", "language": "Python", "typeref": "typename:TokenResponse", "kind": "function", "signature": "(payload: RegisterRequest, db: Session = Depends(get_db))"}, {"_type": "tag", "name": "router", "path": "/home/kavia/workspace/code-generation/rideconnect-201071-201080/taxi_backend/src/api/routers/auth.py", "pattern": "/^router = APIRouter(prefix=\"\\/auth\", tags=[\"auth\"])$/", "language": "Python", "kind": "variable"}], "hash": "30ca2868585d78179be84441aeed5e28", "format-version": 4, "code-base-name": "taxi_backend", "filename": "taxi_backend/src/api/routers/auth.py", "fields": [{"name": "router = APIRouter(prefix=\"\\/auth\", tags=[\"auth\"])", "scope": "", "scopeKind": "", "description": "unavailable"}], "revision_history": [{"28": "b53360eed3aee7a750477fd2b1cbb607a0f73555"}]}