{"is_source_file": true, "format": "Python", "description": "This file defines WebSocket route handlers for live ride tracking in a ride-sharing backend, including driver, rider, and admin endpoints. It sets up routes with respective WebSocket handlers that start real-time sessions for each role.", "external_files": ["src.api.db", "src.api.realtime"], "external_methods": ["get_db", "run_ws_session"], "published": ["router"], "classes": [], "methods": [{"name": "None ws_ride_driver(websocket: WebSocket, ride_id: UUID, db: Session = Depends(get_db))", "description": "Handles WebSocket connections for driver location updates during an active ride.", "scope": "", "scopeKind": ""}, {"name": "None ws_ride_rider(websocket: WebSocket, ride_id: UUID, db: Session = Depends(get_db))", "description": "Handles WebSocket connections for riders to subscribe to ride status and driver location updates.", "scope": "", "scopeKind": ""}, {"name": "None ws_ride_admin(websocket: WebSocket, ride_id: UUID, db: Session = Depends(get_db))", "description": "Handles WebSocket connections for admin or driver monitoring, currently a placeholder for future features.", "scope": "", "scopeKind": ""}], "calls": ["run_ws_session(websocket, db=db, ride_id=ride_id, channel=\"driver\")", "run_ws_session(websocket, db=db, ride_id=ride_id, channel=\"rider\")", "run_ws_session(websocket, db=db, ride_id=ride_id, channel=\"admin\")"], "search-terms": ["/ws/ride/{ride_id}/driver", "/ws/ride/{ride_id}/rider", "/ws/ride/{ride_id}/admin", "WebSocket route handlers", "ride tracking", "real-time ride updates"], "state": 2, "file_id": 24, "knowledge_revision": 55, "git_revision": "", "ctags": [{"_type": "tag", "name": "router", "path": "/home/kavia/workspace/code-generation/rideconnect-201071-201080/taxi_backend/src/api/routers/ws.py", "pattern": "/^router = APIRouter(prefix=\"\\/ws\", tags=[\"realtime\"])$/", "language": "Python", "kind": "variable"}, {"_type": "tag", "name": "ws_ride_admin", "path": "/home/kavia/workspace/code-generation/rideconnect-201071-201080/taxi_backend/src/api/routers/ws.py", "pattern": "/^async def ws_ride_admin(websocket: WebSocket, ride_id: UUID, db: Session = Depends(get_db)) -> N/", "language": "Python", "typeref": "typename:None", "kind": "function", "signature": "(websocket: WebSocket, ride_id: UUID, db: Session = Depends(get_db))"}, {"_type": "tag", "name": "ws_ride_driver", "path": "/home/kavia/workspace/code-generation/rideconnect-201071-201080/taxi_backend/src/api/routers/ws.py", "pattern": "/^async def ws_ride_driver(websocket: WebSocket, ride_id: UUID, db: Session = Depends(get_db)) -> /", "language": "Python", "typeref": "typename:None", "kind": "function", "signature": "(websocket: WebSocket, ride_id: UUID, db: Session = Depends(get_db))"}, {"_type": "tag", "name": "ws_ride_rider", "path": "/home/kavia/workspace/code-generation/rideconnect-201071-201080/taxi_backend/src/api/routers/ws.py", "pattern": "/^async def ws_ride_rider(websocket: WebSocket, ride_id: UUID, db: Session = Depends(get_db)) -> N/", "language": "Python", "typeref": "typename:None", "kind": "function", "signature": "(websocket: WebSocket, ride_id: UUID, db: Session = Depends(get_db))"}], "hash": "234664489983ec45daa14eb862e228cc", "format-version": 4, "code-base-name": "taxi_backend", "filename": "taxi_backend/src/api/routers/ws.py", "fields": [{"name": "router = APIRouter(prefix=\"\\/ws\", tags=[\"realtime\"])", "scope": "", "scopeKind": "", "description": "unavailable"}], "revision_history": [{"55": ""}]}