{"is_source_file": true, "format": "Python", "description": "This file defines API endpoints related to user operations, specifically retrieving the current authenticated user's profile using FastAPI. It includes security handling with JWT tokens, database querying with SQLAlchemy, and API route configuration.", "external_files": ["src.api.db", "src.api.models.user", "src.api.schemas.user", "src.api.security"], "external_methods": ["decode_token", "get_db"], "published": [], "classes": [], "methods": [{"name": "UUID _get_current_user_id(credentials: HTTPAuthorizationCredentials | None)", "description": "Extracts and returns the current user's UUID from the provided bearer token, raising HTTP exceptions if token is invalid or missing.", "scope": "", "scopeKind": ""}, {"name": "UserPublic get_me( credentials: HTTPAuthorizationCredentials | None = Depends(bearer_scheme), db: Session = Depends(get_db), )", "description": "API endpoint that returns the profile information of the authenticated user, identified via JWT token.", "scope": "", "scopeKind": ""}], "calls": ["decode_token", "select", "UUID", "HTTPException", "status.HTTP_401_UNAUTHORIZED", "status.HTTP_404_NOT_FOUND", "User", "db.scalar", "select(User).where(User.id == user_id)"], "search-terms": ["FastAPI user profile route", "JWT authentication", "SQLAlchemy user query", "GET /users/me"], "state": 2, "file_id": 12, "knowledge_revision": 29, "git_revision": "b53360eed3aee7a750477fd2b1cbb607a0f73555", "ctags": [{"_type": "tag", "name": "_get_current_user_id", "path": "/home/kavia/workspace/code-generation/rideconnect-201071-201080/taxi_backend/src/api/routers/users.py", "pattern": "/^def _get_current_user_id(credentials: HTTPAuthorizationCredentials | None) -> UUID:$/", "language": "Python", "typeref": "typename:UUID", "kind": "function", "signature": "(credentials: HTTPAuthorizationCredentials | None)"}, {"_type": "tag", "name": "bearer_scheme", "path": "/home/kavia/workspace/code-generation/rideconnect-201071-201080/taxi_backend/src/api/routers/users.py", "pattern": "/^bearer_scheme = HTTPBearer(auto_error=False)$/", "language": "Python", "kind": "variable"}, {"_type": "tag", "name": "get_me", "path": "/home/kavia/workspace/code-generation/rideconnect-201071-201080/taxi_backend/src/api/routers/users.py", "pattern": "/^def get_me($/", "language": "Python", "typeref": "typename:UserPublic", "kind": "function", "signature": "( credentials: HTTPAuthorizationCredentials | None = Depends(bearer_scheme), db: Session = Depends(get_db), )"}, {"_type": "tag", "name": "router", "path": "/home/kavia/workspace/code-generation/rideconnect-201071-201080/taxi_backend/src/api/routers/users.py", "pattern": "/^router = APIRouter(prefix=\"\\/users\", tags=[\"users\"])$/", "language": "Python", "kind": "variable"}], "hash": "65b3f8173b4f1bfce10d8071963a74b4", "format-version": 4, "code-base-name": "taxi_backend", "filename": "taxi_backend/src/api/routers/users.py", "fields": [{"name": "bearer_scheme = HTTPBearer(auto_error=False)", "scope": "", "scopeKind": "", "description": "unavailable"}, {"name": "router = APIRouter(prefix=\"\\/users\", tags=[\"users\"])", "scope": "", "scopeKind": "", "description": "unavailable"}], "revision_history": [{"29": "b53360eed3aee7a750477fd2b1cbb607a0f73555"}]}