{"is_source_file": true, "format": "Python", "description": "This file configures database connections and session management for a Python web application using SQLAlchemy and FastAPI. It handles environment variable loading, URL normalization, engine setup, and provides database session dependencies.", "external_files": ["sqlalchemy", "os", "contextlib", "typing"], "external_methods": ["os.getenv", "sqlalchemy.create_engine", "sqlalchemy.orm.sessionmaker", "session.close"], "published": ["get_db"], "classes": [], "methods": [{"name": "str _require_env(name: str)", "description": "Reads a required environment variable or raises an error if not set.", "scope": "", "scopeKind": ""}, {"name": "str _normalize_database_url(url: str)", "description": "Normalizes the DATABASE_URL to adhere to SQLAlchemy expectations, especially converting 'postgres://' to 'postgresql://'.", "scope": "", "scopeKind": ""}, {"name": "Generator[Session,None,None] get_db()", "description": "FastAPI dependency that provides a database session, ensuring proper cleanup.", "scope": "", "scopeKind": ""}, {"name": "Generator[Session,None,None] session_scope()", "description": "Context manager for managing database sessions in scripts or background jobs, with automatic commit/rollback.", "scope": "", "scopeKind": ""}], "calls": ["os.getenv", "create_engine", "sessionmaker", "SessionLocal()", "db.close()", "db.commit()", "db.rollback()"], "search-terms": ["DATABASE_URL", "SQLAlchemy session", "create_engine", "sessionmaker", "FastAPI dependency", "_normalize_database_url", "session_scope", "db connection management"], "state": 2, "file_id": 5, "knowledge_revision": 13, "git_revision": "", "ctags": [{"_type": "tag", "name": "DATABASE_URL", "path": "/home/kavia/workspace/code-generation/rideconnect-201071-201080/taxi_backend/src/api/db.py", "pattern": "/^DATABASE_URL = _normalize_database_url(_require_env(\"DATABASE_URL\"))$/", "language": "Python", "kind": "variable"}, {"_type": "tag", "name": "SessionLocal", "path": "/home/kavia/workspace/code-generation/rideconnect-201071-201080/taxi_backend/src/api/db.py", "pattern": "/^SessionLocal = sessionmaker(bind=engine, autocommit=False, autoflush=False)$/", "language": "Python", "kind": "variable"}, {"_type": "tag", "name": "_normalize_database_url", "path": "/home/kavia/workspace/code-generation/rideconnect-201071-201080/taxi_backend/src/api/db.py", "pattern": "/^def _normalize_database_url(url: str) -> str:$/", "language": "Python", "typeref": "typename:str", "kind": "function", "signature": "(url: str)"}, {"_type": "tag", "name": "_require_env", "path": "/home/kavia/workspace/code-generation/rideconnect-201071-201080/taxi_backend/src/api/db.py", "pattern": "/^def _require_env(name: str) -> str:$/", "language": "Python", "typeref": "typename:str", "kind": "function", "signature": "(name: str)"}, {"_type": "tag", "name": "engine", "path": "/home/kavia/workspace/code-generation/rideconnect-201071-201080/taxi_backend/src/api/db.py", "pattern": "/^engine = create_engine($/", "language": "Python", "kind": "variable"}, {"_type": "tag", "name": "get_db", "path": "/home/kavia/workspace/code-generation/rideconnect-201071-201080/taxi_backend/src/api/db.py", "pattern": "/^def get_db() -> Generator[Session, None, None]:$/", "language": "Python", "typeref": "typename:Generator[Session,None,None]", "kind": "function", "signature": "()"}, {"_type": "tag", "name": "session_scope", "path": "/home/kavia/workspace/code-generation/rideconnect-201071-201080/taxi_backend/src/api/db.py", "pattern": "/^def session_scope() -> Generator[Session, None, None]:$/", "language": "Python", "typeref": "typename:Generator[Session,None,None]", "kind": "function", "signature": "()"}], "hash": "30ab495cbb432176920afe00e2448818", "format-version": 4, "code-base-name": "taxi_backend", "filename": "taxi_backend/src/api/db.py", "fields": [{"name": "DATABASE_URL = _normalize_database_url(_require_env(\"DATABASE_URL\"))", "scope": "", "scopeKind": "", "description": "unavailable"}, {"name": "SessionLocal = sessionmaker(bind=engine, autocommit=False, autoflush=False)", "scope": "", "scopeKind": "", "description": "unavailable"}, {"name": "engine = create_engine(", "scope": "", "scopeKind": "", "description": "unavailable"}], "revision_history": [{"13": ""}]}