{"is_source_file": true, "format": "Python", "description": "This file is the main entry point for a FastAPI-based backend service for RideConnect Taxi. It sets up the API application, including metadata, middleware, route inclusion, and some health and WebSocket documentation endpoints.", "external_files": ["src/api/routers/auth", "src/api/routers/drivers", "src/api/routers/rides", "src/api/routers/users", "src/api/routers/ws"], "external_methods": ["fastapi.FastAPI", "fastapi.middleware.cors.CORSMiddleware", "app.include_router", "app.get"], "published": ["health_check", "websocket_usage_guide"], "classes": [], "methods": [{"name": "health_check()", "description": "Endpoint returning a simple health status message.", "scope": "", "scopeKind": ""}, {"name": "websocket_usage_guide()", "description": "Endpoint providing human-readable documentation for WebSocket usage.", "scope": "", "scopeKind": ""}], "calls": ["fastapi.FastAPI", "fastapi.middleware.cors.CORSMiddleware", "app.include_router", "app.get"], "search-terms": ["FastAPI entrypoint", "RideConnect Taxi Backend", "health check endpoint", "WebSocket documentation", "CORS middleware", "API route inclusion"], "state": 2, "file_id": 2, "knowledge_revision": 54, "git_revision": "b934407af2b875323605d904bf78ec1e175e0b70", "revision_history": [{"9": "6b104f6b665f9d0a327862511b44583b94d23bc9"}, {"19": "b53360eed3aee7a750477fd2b1cbb607a0f73555"}, {"44": "b53360eed3aee7a750477fd2b1cbb607a0f73555"}, {"54": "b934407af2b875323605d904bf78ec1e175e0b70"}], "ctags": [{"_type": "tag", "name": "app", "path": "/home/kavia/workspace/code-generation/rideconnect-201071-201080/taxi_backend/src/api/main.py", "pattern": "/^app = FastAPI($/", "language": "Python", "kind": "variable"}, {"_type": "tag", "name": "auth_router", "path": "/home/kavia/workspace/code-generation/rideconnect-201071-201080/taxi_backend/src/api/main.py", "pattern": "/^from src.api.routers import auth as auth_router$/", "language": "Python", "kind": "unknown", "nameref": "unknown:auth"}, {"_type": "tag", "name": "drivers_router", "path": "/home/kavia/workspace/code-generation/rideconnect-201071-201080/taxi_backend/src/api/main.py", "pattern": "/^from src.api.routers import drivers as drivers_router$/", "language": "Python", "kind": "unknown", "nameref": "unknown:drivers"}, {"_type": "tag", "name": "health_check", "path": "/home/kavia/workspace/code-generation/rideconnect-201071-201080/taxi_backend/src/api/main.py", "pattern": "/^def health_check():$/", "language": "Python", "kind": "function", "signature": "()"}, {"_type": "tag", "name": "openapi_tags", "path": "/home/kavia/workspace/code-generation/rideconnect-201071-201080/taxi_backend/src/api/main.py", "pattern": "/^openapi_tags = [$/", "language": "Python", "kind": "variable"}, {"_type": "tag", "name": "rides_router", "path": "/home/kavia/workspace/code-generation/rideconnect-201071-201080/taxi_backend/src/api/main.py", "pattern": "/^from src.api.routers import rides as rides_router$/", "language": "Python", "kind": "unknown", "nameref": "unknown:rides"}, {"_type": "tag", "name": "users_router", "path": "/home/kavia/workspace/code-generation/rideconnect-201071-201080/taxi_backend/src/api/main.py", "pattern": "/^from src.api.routers import users as users_router$/", "language": "Python", "kind": "unknown", "nameref": "unknown:users"}, {"_type": "tag", "name": "websocket_usage_guide", "path": "/home/kavia/workspace/code-generation/rideconnect-201071-201080/taxi_backend/src/api/main.py", "pattern": "/^def websocket_usage_guide():$/", "language": "Python", "kind": "function", "signature": "()"}, {"_type": "tag", "name": "ws_router", "path": "/home/kavia/workspace/code-generation/rideconnect-201071-201080/taxi_backend/src/api/main.py", "pattern": "/^from src.api.routers import ws as ws_router$/", "language": "Python", "kind": "unknown", "nameref": "unknown:ws"}], "hash": "2b14be9cfffcd94f5e8b8b302121495c", "format-version": 4, "code-base-name": "taxi_backend", "filename": "taxi_backend/src/api/main.py", "fields": [{"name": "app = FastAPI(", "scope": "", "scopeKind": "", "description": "unavailable"}, {"name": "openapi_tags = [", "scope": "", "scopeKind": "", "description": "unavailable"}]}