{"is_source_file": true, "format": "Python", "description": "This source file defines Pydantic models for driver-related data schemas in a ride-sharing backend, including driver profile updates, availability, location, public data, and query parameters.", "external_files": ["pydantic", "datetime", "typing", "uuid"], "external_methods": [], "published": ["DriverProfileUpsert", "DriverAvailabilityUpdate", "DriverLocationUpdate", "DriverPublic", "AvailableDriversQuery"], "classes": [{"name": "DriverProfileUpsert", "description": "Schema for inserting or updating driver profile information such as vehicle details and license number."}, {"name": "DriverAvailabilityUpdate", "description": "Schema to update the driver's availability status."}, {"name": "DriverLocationUpdate", "description": "Schema for updating driver location with latitude and longitude."}, {"name": "DriverPublic", "description": "Public representation of driver data including location, rating, and status."}, {"name": "AvailableDriversQuery", "description": "Schema for internal use to specify query parameters for locating nearby available drivers."}], "methods": [], "calls": [], "search-terms": ["DriverProfileUpsert", "DriverLocationUpdate", "DriverPublic", "available drivers", "driver location", "driver availability"], "state": 2, "file_id": 18, "knowledge_revision": 39, "git_revision": "23b82ba9e8b2c4e5c12af7076dacb93007e4e990", "ctags": [{"_type": "tag", "name": "AvailableDriversQuery", "path": "/home/kavia/workspace/code-generation/rideconnect-201071-201080/taxi_backend/src/api/schemas/driver.py", "pattern": "/^class AvailableDriversQuery(BaseModel):$/", "language": "Python", "kind": "class"}, {"_type": "tag", "name": "DriverAvailabilityUpdate", "path": "/home/kavia/workspace/code-generation/rideconnect-201071-201080/taxi_backend/src/api/schemas/driver.py", "pattern": "/^class DriverAvailabilityUpdate(BaseModel):$/", "language": "Python", "kind": "class"}, {"_type": "tag", "name": "DriverLocationUpdate", "path": "/home/kavia/workspace/code-generation/rideconnect-201071-201080/taxi_backend/src/api/schemas/driver.py", "pattern": "/^class DriverLocationUpdate(BaseModel):$/", "language": "Python", "kind": "class"}, {"_type": "tag", "name": "DriverProfileUpsert", "path": "/home/kavia/workspace/code-generation/rideconnect-201071-201080/taxi_backend/src/api/schemas/driver.py", "pattern": "/^class DriverProfileUpsert(BaseModel):$/", "language": "Python", "kind": "class"}, {"_type": "tag", "name": "DriverPublic", "path": "/home/kavia/workspace/code-generation/rideconnect-201071-201080/taxi_backend/src/api/schemas/driver.py", "pattern": "/^class DriverPublic(BaseModel):$/", "language": "Python", "kind": "class"}, {"_type": "tag", "name": "id", "path": "/home/kavia/workspace/code-generation/rideconnect-201071-201080/taxi_backend/src/api/schemas/driver.py", "pattern": "/^    id: UUID = Field(..., description=\"Driver user id (same as users.id).\")$/", "language": "Python", "typeref": "typename:UUID", "kind": "variable", "scope": "DriverPublic", "scopeKind": "class"}, {"_type": "tag", "name": "is_available", "path": "/home/kavia/workspace/code-generation/rideconnect-201071-201080/taxi_backend/src/api/schemas/driver.py", "pattern": "/^    is_available: bool = Field(..., description=\"Current availability status.\")$/", "language": "Python", "typeref": "typename:bool", "kind": "variable", "scope": "DriverPublic", "scopeKind": "class"}, {"_type": "tag", "name": "is_available", "path": "/home/kavia/workspace/code-generation/rideconnect-201071-201080/taxi_backend/src/api/schemas/driver.py", "pattern": "/^    is_available: bool = Field(..., description=\"Whether driver is currently available for match/", "language": "Python", "typeref": "typename:bool", "kind": "variable", "scope": "DriverAvailabilityUpdate", "scopeKind": "class"}, {"_type": "tag", "name": "lat", "path": "/home/kavia/workspace/code-generation/rideconnect-201071-201080/taxi_backend/src/api/schemas/driver.py", "pattern": "/^    lat: Optional[float] = Field(default=None, ge=-90, le=90, description=\"Filter center latitud/", "language": "Python", "typeref": "typename:Optional[float]", "kind": "variable", "scope": "AvailableDriversQuery", "scopeKind": "class"}, {"_type": "tag", "name": "lat", "path": "/home/kavia/workspace/code-generation/rideconnect-201071-201080/taxi_backend/src/api/schemas/driver.py", "pattern": "/^    lat: float = Field(..., ge=-90, le=90, description=\"Latitude in degrees.\")$/", "language": "Python", "typeref": "typename:float", "kind": "variable", "scope": "DriverLocationUpdate", "scopeKind": "class"}, {"_type": "tag", "name": "license_no", "path": "/home/kavia/workspace/code-generation/rideconnect-201071-201080/taxi_backend/src/api/schemas/driver.py", "pattern": "/^    license_no: Optional[str] = Field($/", "language": "Python", "typeref": "typename:Optional[str]", "kind": "variable", "scope": "DriverProfileUpsert", "scopeKind": "class"}, {"_type": "tag", "name": "license_no", "path": "/home/kavia/workspace/code-generation/rideconnect-201071-201080/taxi_backend/src/api/schemas/driver.py", "pattern": "/^    license_no: Optional[str] = Field(default=None, description=\"License number (may be null).\")$/", "language": "Python", "typeref": "typename:Optional[str]", "kind": "variable", "scope": "DriverPublic", "scopeKind": "class"}, {"_type": "tag", "name": "lng", "path": "/home/kavia/workspace/code-generation/rideconnect-201071-201080/taxi_backend/src/api/schemas/driver.py", "pattern": "/^    lng: Optional[float] = Field(default=None, ge=-180, le=180, description=\"Filter center longi/", "language": "Python", "typeref": "typename:Optional[float]", "kind": "variable", "scope": "AvailableDriversQuery", "scopeKind": "class"}, {"_type": "tag", "name": "lng", "path": "/home/kavia/workspace/code-generation/rideconnect-201071-201080/taxi_backend/src/api/schemas/driver.py", "pattern": "/^    lng: float = Field(..., ge=-180, le=180, description=\"Longitude in degrees.\")$/", "language": "Python", "typeref": "typename:float", "kind": "variable", "scope": "DriverLocationUpdate", "scopeKind": "class"}, {"_type": "tag", "name": "location_lat", "path": "/home/kavia/workspace/code-generation/rideconnect-201071-201080/taxi_backend/src/api/schemas/driver.py", "pattern": "/^    location_lat: Optional[float] = Field(default=None, description=\"Last known latitude.\")$/", "language": "Python", "typeref": "typename:Optional[float]", "kind": "variable", "scope": "DriverPublic", "scopeKind": "class"}, {"_type": "tag", "name": "location_lng", "path": "/home/kavia/workspace/code-generation/rideconnect-201071-201080/taxi_backend/src/api/schemas/driver.py", "pattern": "/^    location_lng: Optional[float] = Field(default=None, description=\"Last known longitude.\")$/", "language": "Python", "typeref": "typename:Optional[float]", "kind": "variable", "scope": "DriverPublic", "scopeKind": "class"}, {"_type": "tag", "name": "radius_km", "path": "/home/kavia/workspace/code-generation/rideconnect-201071-201080/taxi_backend/src/api/schemas/driver.py", "pattern": "/^    radius_km: Optional[float] = Field($/", "language": "Python", "typeref": "typename:Optional[float]", "kind": "variable", "scope": "AvailableDriversQuery", "scopeKind": "class"}, {"_type": "tag", "name": "rating", "path": "/home/kavia/workspace/code-generation/rideconnect-201071-201080/taxi_backend/src/api/schemas/driver.py", "pattern": "/^    rating: float = Field(..., description=\"Driver rating placeholder.\")$/", "language": "Python", "typeref": "typename:float", "kind": "variable", "scope": "DriverPublic", "scopeKind": "class"}, {"_type": "tag", "name": "updated_at", "path": "/home/kavia/workspace/code-generation/rideconnect-201071-201080/taxi_backend/src/api/schemas/driver.py", "pattern": "/^    updated_at: datetime = Field(..., description=\"When driver record was last updated.\")$/", "language": "Python", "typeref": "typename:datetime", "kind": "variable", "scope": "DriverPublic", "scopeKind": "class"}, {"_type": "tag", "name": "vehicle_info", "path": "/home/kavia/workspace/code-generation/rideconnect-201071-201080/taxi_backend/src/api/schemas/driver.py", "pattern": "/^    vehicle_info: Optional[str] = Field($/", "language": "Python", "typeref": "typename:Optional[str]", "kind": "variable", "scope": "DriverProfileUpsert", "scopeKind": "class"}, {"_type": "tag", "name": "vehicle_info", "path": "/home/kavia/workspace/code-generation/rideconnect-201071-201080/taxi_backend/src/api/schemas/driver.py", "pattern": "/^    vehicle_info: Optional[str] = Field(default=None, description=\"Vehicle description.\")$/", "language": "Python", "typeref": "typename:Optional[str]", "kind": "variable", "scope": "DriverPublic", "scopeKind": "class"}], "hash": "9f1daf96b5d9000c3ad357e7001ec582", "format-version": 4, "code-base-name": "taxi_backend", "filename": "taxi_backend/src/api/schemas/driver.py", "fields": [{"name": "UUID id", "scope": "DriverPublic", "scopeKind": "class", "description": "unavailable"}, {"name": "bool is_available", "scope": "DriverPublic", "scopeKind": "class", "description": "unavailable"}, {"name": "Optional[float] lat", "scope": "AvailableDriversQuery", "scopeKind": "class", "description": "unavailable"}, {"name": "float lat", "scope": "DriverLocationUpdate", "scopeKind": "class", "description": "unavailable"}, {"name": "Optional[str] license_no", "scope": "DriverProfileUpsert", "scopeKind": "class", "description": "unavailable"}, {"name": "Optional[float] lng", "scope": "AvailableDriversQuery", "scopeKind": "class", "description": "unavailable"}, {"name": "float lng", "scope": "DriverLocationUpdate", "scopeKind": "class", "description": "unavailable"}, {"name": "Optional[float] location_lat", "scope": "DriverPublic", "scopeKind": "class", "description": "unavailable"}, {"name": "Optional[float] location_lng", "scope": "DriverPublic", "scopeKind": "class", "description": "unavailable"}, {"name": "Optional[float] radius_km", "scope": "AvailableDriversQuery", "scopeKind": "class", "description": "unavailable"}, {"name": "float rating", "scope": "DriverPublic", "scopeKind": "class", "description": "unavailable"}, {"name": "datetime updated_at", "scope": "DriverPublic", "scopeKind": "class", "description": "unavailable"}, {"name": "Optional[str] vehicle_info", "scope": "DriverProfileUpsert", "scopeKind": "class", "description": "unavailable"}], "revision_history": [{"39": "23b82ba9e8b2c4e5c12af7076dacb93007e4e990"}]}