{"is_source_file": true, "format": "Python", "description": "This file defines ORM models for 'rides' and 'ride_events' tables, including enums for ride status, and specifies their relationships and database columns.", "external_files": ["src.api.models.base"], "external_methods": [], "published": ["RideStatus", "Ride", "RideEvent"], "classes": [{"name": "RideStatus", "description": "Enumeration for various statuses a ride can have, such as requested, assigned, enroute, etc."}, {"name": "Ride", "description": "ORM model representing a ride, including details like origin/destination coordinates, status, fare, timestamps, and relationships to user and events."}, {"name": "RideEvent", "description": "ORM model for events related to rides, capturing event type, payload, timestamps, and linked to a specific ride."}], "methods": [], "calls": ["func.now()", "relationship"], "search-terms": ["ride_status", "rides table", "ride events", "RideStatus enumeration", "ORM models for rides", "ride relationships", "ride timestamp", "ride fare", "rides origin", "rides destination"], "state": 2, "file_id": 20, "knowledge_revision": 48, "git_revision": "", "revision_history": [{"45": ""}, {"48": ""}], "ctags": [{"_type": "tag", "name": "Ride", "path": "/home/kavia/workspace/code-generation/rideconnect-201071-201080/taxi_backend/src/api/models/ride.py", "pattern": "/^class Ride(Base):$/", "language": "Python", "kind": "class"}, {"_type": "tag", "name": "RideEvent", "path": "/home/kavia/workspace/code-generation/rideconnect-201071-201080/taxi_backend/src/api/models/ride.py", "pattern": "/^class RideEvent(Base):$/", "language": "Python", "kind": "class"}, {"_type": "tag", "name": "RideStatus", "path": "/home/kavia/workspace/code-generation/rideconnect-201071-201080/taxi_backend/src/api/models/ride.py", "pattern": "/^class RideStatus(str, enum.Enum):$/", "language": "Python", "kind": "class"}, {"_type": "tag", "name": "__tablename__", "path": "/home/kavia/workspace/code-generation/rideconnect-201071-201080/taxi_backend/src/api/models/ride.py", "pattern": "/^    __tablename__ = \"ride_events\"$/", "file": true, "language": "Python", "kind": "variable", "scope": "RideEvent", "scopeKind": "class"}, {"_type": "tag", "name": "__tablename__", "path": "/home/kavia/workspace/code-generation/rideconnect-201071-201080/taxi_backend/src/api/models/ride.py", "pattern": "/^    __tablename__ = \"rides\"$/", "file": true, "language": "Python", "kind": "variable", "scope": "Ride", "scopeKind": "class"}, {"_type": "tag", "name": "assigned", "path": "/home/kavia/workspace/code-generation/rideconnect-201071-201080/taxi_backend/src/api/models/ride.py", "pattern": "/^    assigned = \"assigned\"$/", "language": "Python", "kind": "variable", "scope": "RideStatus", "scopeKind": "class"}, {"_type": "tag", "name": "canceled", "path": "/home/kavia/workspace/code-generation/rideconnect-201071-201080/taxi_backend/src/api/models/ride.py", "pattern": "/^    canceled = \"canceled\"$/", "language": "Python", "kind": "variable", "scope": "RideStatus", "scopeKind": "class"}, {"_type": "tag", "name": "completed", "path": "/home/kavia/workspace/code-generation/rideconnect-201071-201080/taxi_backend/src/api/models/ride.py", "pattern": "/^    completed = \"completed\"$/", "language": "Python", "kind": "variable", "scope": "RideStatus", "scopeKind": "class"}, {"_type": "tag", "name": "created_at", "path": "/home/kavia/workspace/code-generation/rideconnect-201071-201080/taxi_backend/src/api/models/ride.py", "pattern": "/^    created_at: Mapped[datetime] = mapped_column($/", "language": "Python", "typeref": "typename:Mapped[datetime]", "kind": "variable", "scope": "Ride", "scopeKind": "class"}, {"_type": "tag", "name": "created_at", "path": "/home/kavia/workspace/code-generation/rideconnect-201071-201080/taxi_backend/src/api/models/ride.py", "pattern": "/^    created_at: Mapped[datetime] = mapped_column($/", "language": "Python", "typeref": "typename:Mapped[datetime]", "kind": "variable", "scope": "RideEvent", "scopeKind": "class"}, {"_type": "tag", "name": "dest_lat", "path": "/home/kavia/workspace/code-generation/rideconnect-201071-201080/taxi_backend/src/api/models/ride.py", "pattern": "/^    dest_lat: Mapped[float] = mapped_column(Float, nullable=False)$/", "language": "Python", "typeref": "typename:Mapped[float]", "kind": "variable", "scope": "Ride", "scopeKind": "class"}, {"_type": "tag", "name": "dest_lng", "path": "/home/kavia/workspace/code-generation/rideconnect-201071-201080/taxi_backend/src/api/models/ride.py", "pattern": "/^    dest_lng: Mapped[float] = mapped_column(Float, nullable=False)$/", "language": "Python", "typeref": "typename:Mapped[float]", "kind": "variable", "scope": "Ride", "scopeKind": "class"}, {"_type": "tag", "name": "driver", "path": "/home/kavia/workspace/code-generation/rideconnect-201071-201080/taxi_backend/src/api/models/ride.py", "pattern": "/^    driver = relationship(\"User\", foreign_keys=[driver_id], lazy=\"joined\")$/", "language": "Python", "kind": "variable", "scope": "Ride", "scopeKind": "class"}, {"_type": "tag", "name": "driver_id", "path": "/home/kavia/workspace/code-generation/rideconnect-201071-201080/taxi_backend/src/api/models/ride.py", "pattern": "/^    driver_id: Mapped[uuid.UUID | None] = mapped_column($/", "language": "Python", "typeref": "typename:Mapped[uuid.UUID | None]", "kind": "variable", "scope": "Ride", "scopeKind": "class"}, {"_type": "tag", "name": "enroute", "path": "/home/kavia/workspace/code-generation/rideconnect-201071-201080/taxi_backend/src/api/models/ride.py", "pattern": "/^    enroute = \"enroute\"$/", "language": "Python", "kind": "variable", "scope": "RideStatus", "scopeKind": "class"}, {"_type": "tag", "name": "event_type", "path": "/home/kavia/workspace/code-generation/rideconnect-201071-201080/taxi_backend/src/api/models/ride.py", "pattern": "/^    event_type: Mapped[str] = mapped_column(nullable=False, index=True)$/", "language": "Python", "typeref": "typename:Mapped[str]", "kind": "variable", "scope": "RideEvent", "scopeKind": "class"}, {"_type": "tag", "name": "events", "path": "/home/kavia/workspace/code-generation/rideconnect-201071-201080/taxi_backend/src/api/models/ride.py", "pattern": "/^    events = relationship($/", "language": "Python", "kind": "variable", "scope": "Ride", "scopeKind": "class"}, {"_type": "tag", "name": "fare_cents", "path": "/home/kavia/workspace/code-generation/rideconnect-201071-201080/taxi_backend/src/api/models/ride.py", "pattern": "/^    fare_cents: Mapped[int | None] = mapped_column(Integer, nullable=True)$/", "language": "Python", "typeref": "typename:Mapped[int | None]", "kind": "variable", "scope": "Ride", "scopeKind": "class"}, {"_type": "tag", "name": "id", "path": "/home/kavia/workspace/code-generation/rideconnect-201071-201080/taxi_backend/src/api/models/ride.py", "pattern": "/^    id: Mapped[uuid.UUID] = mapped_column(UUID(as_uuid=True), primary_key=True)$/", "language": "Python", "typeref": "typename:Mapped[uuid.UUID]", "kind": "variable", "scope": "Ride", "scopeKind": "class"}, {"_type": "tag", "name": "id", "path": "/home/kavia/workspace/code-generation/rideconnect-201071-201080/taxi_backend/src/api/models/ride.py", "pattern": "/^    id: Mapped[uuid.UUID] = mapped_column(UUID(as_uuid=True), primary_key=True)$/", "language": "Python", "typeref": "typename:Mapped[uuid.UUID]", "kind": "variable", "scope": "RideEvent", "scopeKind": "class"}, {"_type": "tag", "name": "origin_lat", "path": "/home/kavia/workspace/code-generation/rideconnect-201071-201080/taxi_backend/src/api/models/ride.py", "pattern": "/^    origin_lat: Mapped[float] = mapped_column(Float, nullable=False)$/", "language": "Python", "typeref": "typename:Mapped[float]", "kind": "variable", "scope": "Ride", "scopeKind": "class"}, {"_type": "tag", "name": "origin_lng", "path": "/home/kavia/workspace/code-generation/rideconnect-201071-201080/taxi_backend/src/api/models/ride.py", "pattern": "/^    origin_lng: Mapped[float] = mapped_column(Float, nullable=False)$/", "language": "Python", "typeref": "typename:Mapped[float]", "kind": "variable", "scope": "Ride", "scopeKind": "class"}, {"_type": "tag", "name": "payload", "path": "/home/kavia/workspace/code-generation/rideconnect-201071-201080/taxi_backend/src/api/models/ride.py", "pattern": "/^    payload: Mapped[dict] = mapped_column($/", "language": "Python", "typeref": "typename:Mapped[dict]", "kind": "variable", "scope": "RideEvent", "scopeKind": "class"}, {"_type": "tag", "name": "requested", "path": "/home/kavia/workspace/code-generation/rideconnect-201071-201080/taxi_backend/src/api/models/ride.py", "pattern": "/^    requested = \"requested\"$/", "language": "Python", "kind": "variable", "scope": "RideStatus", "scopeKind": "class"}, {"_type": "tag", "name": "ride", "path": "/home/kavia/workspace/code-generation/rideconnect-201071-201080/taxi_backend/src/api/models/ride.py", "pattern": "/^    ride = relationship(\"Ride\", back_populates=\"events\")$/", "language": "Python", "kind": "variable", "scope": "RideEvent", "scopeKind": "class"}, {"_type": "tag", "name": "ride_id", "path": "/home/kavia/workspace/code-generation/rideconnect-201071-201080/taxi_backend/src/api/models/ride.py", "pattern": "/^    ride_id: Mapped[uuid.UUID] = mapped_column($/", "language": "Python", "typeref": "typename:Mapped[uuid.UUID]", "kind": "variable", "scope": "RideEvent", "scopeKind": "class"}, {"_type": "tag", "name": "rider", "path": "/home/kavia/workspace/code-generation/rideconnect-201071-201080/taxi_backend/src/api/models/ride.py", "pattern": "/^    rider = relationship(\"User\", foreign_keys=[rider_id], lazy=\"joined\")$/", "language": "Python", "kind": "variable", "scope": "Ride", "scopeKind": "class"}, {"_type": "tag", "name": "rider_id", "path": "/home/kavia/workspace/code-generation/rideconnect-201071-201080/taxi_backend/src/api/models/ride.py", "pattern": "/^    rider_id: Mapped[uuid.UUID] = mapped_column($/", "language": "Python", "typeref": "typename:Mapped[uuid.UUID]", "kind": "variable", "scope": "Ride", "scopeKind": "class"}, {"_type": "tag", "name": "started", "path": "/home/kavia/workspace/code-generation/rideconnect-201071-201080/taxi_backend/src/api/models/ride.py", "pattern": "/^    started = \"started\"$/", "language": "Python", "kind": "variable", "scope": "RideStatus", "scopeKind": "class"}, {"_type": "tag", "name": "status", "path": "/home/kavia/workspace/code-generation/rideconnect-201071-201080/taxi_backend/src/api/models/ride.py", "pattern": "/^    status: Mapped[RideStatus] = mapped_column($/", "language": "Python", "typeref": "typename:Mapped[RideStatus]", "kind": "variable", "scope": "Ride", "scopeKind": "class"}, {"_type": "tag", "name": "updated_at", "path": "/home/kavia/workspace/code-generation/rideconnect-201071-201080/taxi_backend/src/api/models/ride.py", "pattern": "/^    updated_at: Mapped[datetime] = mapped_column($/", "language": "Python", "typeref": "typename:Mapped[datetime]", "kind": "variable", "scope": "Ride", "scopeKind": "class"}], "hash": "1f17af2f43803e9c9557d51be29215d6", "format-version": 4, "code-base-name": "taxi_backend", "filename": "taxi_backend/src/api/models/ride.py", "fields": [{"name": "__tablename__ = \"ride_events\"", "scope": "RideEvent", "scopeKind": "class", "description": "unavailable"}, {"name": "__tablename__ = \"rides\"", "scope": "Ride", "scopeKind": "class", "description": "unavailable"}, {"name": "assigned = \"assigned\"", "scope": "RideStatus", "scopeKind": "class", "description": "unavailable"}, {"name": "canceled = \"canceled\"", "scope": "RideStatus", "scopeKind": "class", "description": "unavailable"}, {"name": "completed = \"completed\"", "scope": "RideStatus", "scopeKind": "class", "description": "unavailable"}, {"name": "Mapped[datetime] created_at", "scope": "Ride", "scopeKind": "class", "description": "unavailable"}, {"name": "Mapped[float] dest_lat", "scope": "Ride", "scopeKind": "class", "description": "unavailable"}, {"name": "Mapped[float] dest_lng", "scope": "Ride", "scopeKind": "class", "description": "unavailable"}, {"name": "driver = relationship(\"User\", foreign_keys=[driver_id], lazy=\"joined\")", "scope": "Ride", "scopeKind": "class", "description": "unavailable"}, {"name": "Mapped[uuid.UUID | None] driver_id", "scope": "Ride", "scopeKind": "class", "description": "unavailable"}, {"name": "enroute = \"enroute\"", "scope": "RideStatus", "scopeKind": "class", "description": "unavailable"}, {"name": "Mapped[str] event_type", "scope": "RideEvent", "scopeKind": "class", "description": "unavailable"}, {"name": "events = relationship(", "scope": "Ride", "scopeKind": "class", "description": "unavailable"}, {"name": "Mapped[int | None] fare_cents", "scope": "Ride", "scopeKind": "class", "description": "unavailable"}, {"name": "Mapped[uuid.UUID] id", "scope": "Ride", "scopeKind": "class", "description": "unavailable"}, {"name": "Mapped[float] origin_lat", "scope": "Ride", "scopeKind": "class", "description": "unavailable"}, {"name": "Mapped[float] origin_lng", "scope": "Ride", "scopeKind": "class", "description": "unavailable"}, {"name": "Mapped[dict] payload", "scope": "RideEvent", "scopeKind": "class", "description": "unavailable"}, {"name": "requested = \"requested\"", "scope": "RideStatus", "scopeKind": "class", "description": "unavailable"}, {"name": "ride = relationship(\"Ride\", back_populates=\"events\")", "scope": "RideEvent", "scopeKind": "class", "description": "unavailable"}, {"name": "Mapped[uuid.UUID] ride_id", "scope": "RideEvent", "scopeKind": "class", "description": "unavailable"}, {"name": "rider = relationship(\"User\", foreign_keys=[rider_id], lazy=\"joined\")", "scope": "Ride", "scopeKind": "class", "description": "unavailable"}, {"name": "Mapped[uuid.UUID] rider_id", "scope": "Ride", "scopeKind": "class", "description": "unavailable"}, {"name": "started = \"started\"", "scope": "RideStatus", "scopeKind": "class", "description": "unavailable"}, {"name": "Mapped[RideStatus] status", "scope": "Ride", "scopeKind": "class", "description": "unavailable"}, {"name": "Mapped[datetime] updated_at", "scope": "Ride", "scopeKind": "class", "description": "unavailable"}]}