{"is_source_file": true, "format": "Python", "description": "This is the main application entry point for a FastAPI-based backend service for RideConnect Taxi. It sets up the FastAPI app, includes various routers for authentication, users, drivers, and rides, and configures middleware and a health check endpoint.", "external_files": ["src.api.routers.auth", "src.api.routers.drivers", "src.api.routers.rides", "src.api.routers.users"], "external_methods": ["fastapi.FastAPI", "fastapi.middleware.cors.CORSMiddleware", "src.api.routers.auth.router", "src.api.routers.drivers.router", "src.api.routers.rides.router", "src.api.routers.users.router", "app.get"], "published": ["health_check"], "classes": [], "methods": [{"name": "health_check()", "description": "Returns a simple health response indicating the service is healthy.", "scope": "", "scopeKind": ""}], "calls": ["fastapi.FastAPI", "fastapi.middleware.cors.CORSMiddleware", "app.include_router", "app.add_middleware", "app.get"], "search-terms": ["FastAPI", "health check", "middleware", "routers", "CORS", "app.include_router", "app.add_middleware"], "state": 2, "file_id": 2, "knowledge_revision": 44, "git_revision": "b53360eed3aee7a750477fd2b1cbb607a0f73555", "revision_history": [{"9": "6b104f6b665f9d0a327862511b44583b94d23bc9"}, {"19": "b53360eed3aee7a750477fd2b1cbb607a0f73555"}, {"44": "b53360eed3aee7a750477fd2b1cbb607a0f73555"}], "ctags": [{"_type": "tag", "name": "app", "path": "/home/kavia/workspace/code-generation/rideconnect-201071-201080/taxi_backend/src/api/main.py", "pattern": "/^app = FastAPI($/", "language": "Python", "kind": "variable"}, {"_type": "tag", "name": "auth_router", "path": "/home/kavia/workspace/code-generation/rideconnect-201071-201080/taxi_backend/src/api/main.py", "pattern": "/^from src.api.routers import auth as auth_router$/", "language": "Python", "kind": "unknown", "nameref": "unknown:auth"}, {"_type": "tag", "name": "drivers_router", "path": "/home/kavia/workspace/code-generation/rideconnect-201071-201080/taxi_backend/src/api/main.py", "pattern": "/^from src.api.routers import drivers as drivers_router$/", "language": "Python", "kind": "unknown", "nameref": "unknown:drivers"}, {"_type": "tag", "name": "health_check", "path": "/home/kavia/workspace/code-generation/rideconnect-201071-201080/taxi_backend/src/api/main.py", "pattern": "/^def health_check():$/", "language": "Python", "kind": "function", "signature": "()"}, {"_type": "tag", "name": "openapi_tags", "path": "/home/kavia/workspace/code-generation/rideconnect-201071-201080/taxi_backend/src/api/main.py", "pattern": "/^openapi_tags = [$/", "language": "Python", "kind": "variable"}, {"_type": "tag", "name": "rides_router", "path": "/home/kavia/workspace/code-generation/rideconnect-201071-201080/taxi_backend/src/api/main.py", "pattern": "/^from src.api.routers import rides as rides_router$/", "language": "Python", "kind": "unknown", "nameref": "unknown:rides"}, {"_type": "tag", "name": "users_router", "path": "/home/kavia/workspace/code-generation/rideconnect-201071-201080/taxi_backend/src/api/main.py", "pattern": "/^from src.api.routers import users as users_router$/", "language": "Python", "kind": "unknown", "nameref": "unknown:users"}], "hash": "c79a8fdf4a6cfd0c586966130bfcae17", "format-version": 4, "code-base-name": "taxi_backend", "filename": "taxi_backend/src/api/main.py", "fields": [{"name": "app = FastAPI(", "scope": "", "scopeKind": "", "description": "unavailable"}, {"name": "openapi_tags = [", "scope": "", "scopeKind": "", "description": "unavailable"}]}