{"is_source_file": false, "format": "", "description": "", "external_files": [], "external_methods": [], "published": [], "classes": [], "methods": [], "calls": [], "search-terms": [], "state": 2, "file_id": 15, "knowledge_revision": 32, "git_revision": "b53360eed3aee7a750477fd2b1cbb607a0f73555", "ctags": [], "hash": "ee4d557b7dc9c26169be044dca812797", "format-version": 4, "code-base-name": "taxi_backend", "filename": "taxi_backend/src/api/schemas/__init__.py", "revision_history": [{"32": "b53360eed3aee7a750477fd2b1cbb607a0f73555"}]}