{"is_source_file": true, "format": "Python", "description": "This file sets up a FastAPI web application with CORS middleware and defines a health check endpoint.", "external_files": ["fastapi", "fastapi.middleware.cors"], "external_methods": ["FastAPI", "CORSMiddleware"], "published": [], "classes": [], "methods": [{"name": "health_check()", "description": "Handles GET requests to the root URL and returns a health status message.", "scope": "", "scopeKind": ""}], "calls": ["app.add_middleware", "CORSMiddleware"], "search-terms": ["FastAPI", "CORS middleware", "health check", "/"], "state": 2, "file_id": 2, "knowledge_revision": 9, "git_revision": "6b104f6b665f9d0a327862511b44583b94d23bc9", "ctags": [{"_type": "tag", "name": "app", "path": "/home/kavia/workspace/code-generation/rideconnect-201071-201080/taxi_backend/src/api/main.py", "pattern": "/^app = FastAPI()$/", "language": "Python", "kind": "variable"}, {"_type": "tag", "name": "health_check", "path": "/home/kavia/workspace/code-generation/rideconnect-201071-201080/taxi_backend/src/api/main.py", "pattern": "/^def health_check():$/", "language": "Python", "kind": "function", "signature": "()"}], "hash": "58352bf5f133908bab16643199aa483d", "format-version": 4, "code-base-name": "taxi_backend", "filename": "taxi_backend/src/api/main.py", "fields": [{"name": "app = FastAPI()", "scope": "", "scopeKind": "", "description": "unavailable"}], "revision_history": [{"9": "6b104f6b665f9d0a327862511b44583b94d23bc9"}]}