{"is_source_file": true, "format": "Python", "description": "This file is an `__init__.py` for the `routers` package, used to organize API route modules by domain (auth, users, rides, drivers, payments, etc.), promoting modularity in the codebase.", "external_files": [], "external_methods": [], "published": [], "classes": [], "methods": [], "calls": [], "search-terms": ["api", "routers", "domain", "modular", "package"], "state": 2, "file_id": 13, "knowledge_revision": 30, "git_revision": "b53360eed3aee7a750477fd2b1cbb607a0f73555", "ctags": [], "hash": "d81fbaad4d22849a9a308f73a738c4f2", "format-version": 4, "code-base-name": "taxi_backend", "filename": "taxi_backend/src/api/routers/__init__.py", "revision_history": [{"30": "b53360eed3aee7a750477fd2b1cbb607a0f73555"}]}