{"is_source_file": true, "file_id": 6, "git_revision": "", "state": 1, "description": "", "external_files": [], "external_methods": [], "published": [], "classes": [], "methods": [], "calls": [], "search-terms": [], "ctags": [{"_type": "tag", "name": "Base", "path": "/home/kavia/workspace/code-generation/rideconnect-201071-201080/taxi_backend/src/api/models/base.py", "pattern": "/^class Base(DeclarativeBase):$/", "language": "Python", "kind": "class"}], "format": "Python", "hash": "9b28d010cbce2122c46948040b98539f", "format-version": 4, "code-base-name": "taxi_backend", "filename": "taxi_backend/src/api/models/base.py", "knowledge_revision": 11}