{"is_source_file": true, "file_id": 9, "git_revision": "", "state": 1, "description": "", "external_files": [], "external_methods": [], "published": [], "classes": [], "methods": [], "calls": [], "search-terms": [], "ctags": [{"_type": "tag", "name": "LoginRequest", "path": "/home/kavia/workspace/code-generation/rideconnect-201071-201080/taxi_backend/src/api/schemas/auth.py", "pattern": "/^class LoginRequest(BaseModel):$/", "language": "Python", "kind": "class"}, {"_type": "tag", "name": "RegisterRequest", "path": "/home/kavia/workspace/code-generation/rideconnect-201071-201080/taxi_backend/src/api/schemas/auth.py", "pattern": "/^class RegisterRequest(BaseModel):$/", "language": "Python", "kind": "class"}, {"_type": "tag", "name": "TokenResponse", "path": "/home/kavia/workspace/code-generation/rideconnect-201071-201080/taxi_backend/src/api/schemas/auth.py", "pattern": "/^class TokenResponse(BaseModel):$/", "language": "Python", "kind": "class"}, {"_type": "tag", "name": "access_token", "path": "/home/kavia/workspace/code-generation/rideconnect-201071-201080/taxi_backend/src/api/schemas/auth.py", "pattern": "/^    access_token: str = Field(..., description=\"JWT access token\")$/", "language": "Python", "typeref": "typename:str", "kind": "variable", "scope": "TokenResponse", "scopeKind": "class"}, {"_type": "tag", "name": "email", "path": "/home/kavia/workspace/code-generation/rideconnect-201071-201080/taxi_backend/src/api/schemas/auth.py", "pattern": "/^    email: EmailStr = Field(..., description=\"Email address\")$/", "language": "Python", "typeref": "typename:EmailStr", "kind": "variable", "scope": "LoginRequest", "scopeKind": "class"}, {"_type": "tag", "name": "email", "path": "/home/kavia/workspace/code-generation/rideconnect-201071-201080/taxi_backend/src/api/schemas/auth.py", "pattern": "/^    email: EmailStr = Field(..., description=\"Unique email address\")$/", "language": "Python", "typeref": "typename:EmailStr", "kind": "variable", "scope": "RegisterRequest", "scopeKind": "class"}, {"_type": "tag", "name": "name", "path": "/home/kavia/workspace/code-generation/rideconnect-201071-201080/taxi_backend/src/api/schemas/auth.py", "pattern": "/^    name: str = Field(..., min_length=1, max_length=200, description=\"Full name of the user\")$/", "language": "Python", "typeref": "typename:str", "kind": "variable", "scope": "RegisterRequest", "scopeKind": "class"}, {"_type": "tag", "name": "password", "path": "/home/kavia/workspace/code-generation/rideconnect-201071-201080/taxi_backend/src/api/schemas/auth.py", "pattern": "/^    password: str = Field(..., min_length=1, max_length=128, description=\"Account password\")$/", "language": "Python", "typeref": "typename:str", "kind": "variable", "scope": "LoginRequest", "scopeKind": "class"}, {"_type": "tag", "name": "password", "path": "/home/kavia/workspace/code-generation/rideconnect-201071-201080/taxi_backend/src/api/schemas/auth.py", "pattern": "/^    password: str = Field(..., min_length=8, max_length=128, description=\"Account password (min /", "language": "Python", "typeref": "typename:str", "kind": "variable", "scope": "RegisterRequest", "scopeKind": "class"}, {"_type": "tag", "name": "role", "path": "/home/kavia/workspace/code-generation/rideconnect-201071-201080/taxi_backend/src/api/schemas/auth.py", "pattern": "/^    role: str = Field(..., pattern=\"^(rider|driver)$\", description=\"User role: rider or driver\")$/", "language": "Python", "typeref": "typename:str", "kind": "variable", "scope": "RegisterRequest", "scopeKind": "class"}, {"_type": "tag", "name": "token_type", "path": "/home/kavia/workspace/code-generation/rideconnect-201071-201080/taxi_backend/src/api/schemas/auth.py", "pattern": "/^    token_type: str = Field(\"bearer\", description=\"Token type (always 'bearer')\")$/", "language": "Python", "typeref": "typename:str", "kind": "variable", "scope": "TokenResponse", "scopeKind": "class"}], "format": "Python", "hash": "dd7d71391405a2c6624252706241f147", "format-version": 4, "code-base-name": "taxi_backend", "filename": "taxi_backend/src/api/schemas/auth.py", "knowledge_revision": 15}