{"is_source_file": true, "format": "Python", "description": "This file defines ORM models for the 'users' table, including the User class and the UserRole enum, using SQLAlchemy.", "external_files": ["src/api/models/base"], "external_methods": ["sqlalchemy.Enum", "sqlalchemy.dialects.postgresql.UUID", "sqlalchemy.orm.mapped_column", "sqlalchemy.sql.func.now"], "published": ["User", "UserRole"], "classes": [{"name": "UserRole", "description": "Enumeration of user roles supported by the application, such as 'rider' and 'driver'."}, {"name": "User", "description": "ORM model representing the 'users' table, including fields for id, name, email, password hash, role, and creation timestamp."}], "methods": [{"name": "__init__", "description": "Default constructor for ORM models; not explicitly defined in the code but provided by Python."}], "calls": ["func.now()"], "search-terms": ["User ORM model", "UserRole enum", "users table", "sqlalchemy models", "UUID primary key", "created_at"], "state": 2, "file_id": 7, "knowledge_revision": 24, "git_revision": "b53360eed3aee7a750477fd2b1cbb607a0f73555", "ctags": [{"_type": "tag", "name": "User", "path": "/home/kavia/workspace/code-generation/rideconnect-201071-201080/taxi_backend/src/api/models/user.py", "pattern": "/^class User(Base):$/", "language": "Python", "kind": "class"}, {"_type": "tag", "name": "UserRole", "path": "/home/kavia/workspace/code-generation/rideconnect-201071-201080/taxi_backend/src/api/models/user.py", "pattern": "/^class UserRole(str, enum.Enum):$/", "language": "Python", "kind": "class"}, {"_type": "tag", "name": "__tablename__", "path": "/home/kavia/workspace/code-generation/rideconnect-201071-201080/taxi_backend/src/api/models/user.py", "pattern": "/^    __tablename__ = \"users\"$/", "file": true, "language": "Python", "kind": "variable", "scope": "User", "scopeKind": "class"}, {"_type": "tag", "name": "created_at", "path": "/home/kavia/workspace/code-generation/rideconnect-201071-201080/taxi_backend/src/api/models/user.py", "pattern": "/^    created_at: Mapped[datetime] = mapped_column($/", "language": "Python", "typeref": "typename:Mapped[datetime]", "kind": "variable", "scope": "User", "scopeKind": "class"}, {"_type": "tag", "name": "driver", "path": "/home/kavia/workspace/code-generation/rideconnect-201071-201080/taxi_backend/src/api/models/user.py", "pattern": "/^    driver = \"driver\"$/", "language": "Python", "kind": "variable", "scope": "UserRole", "scopeKind": "class"}, {"_type": "tag", "name": "email", "path": "/home/kavia/workspace/code-generation/rideconnect-201071-201080/taxi_backend/src/api/models/user.py", "pattern": "/^    email: Mapped[str] = mapped_column(Text, unique=True, nullable=False, index=True)$/", "language": "Python", "typeref": "typename:Mapped[str]", "kind": "variable", "scope": "User", "scopeKind": "class"}, {"_type": "tag", "name": "id", "path": "/home/kavia/workspace/code-generation/rideconnect-201071-201080/taxi_backend/src/api/models/user.py", "pattern": "/^    id: Mapped[uuid.UUID] = mapped_column(UUID(as_uuid=True), primary_key=True)$/", "language": "Python", "typeref": "typename:Mapped[uuid.UUID]", "kind": "variable", "scope": "User", "scopeKind": "class"}, {"_type": "tag", "name": "name", "path": "/home/kavia/workspace/code-generation/rideconnect-201071-201080/taxi_backend/src/api/models/user.py", "pattern": "/^    name: Mapped[str] = mapped_column(Text, nullable=False)$/", "language": "Python", "typeref": "typename:Mapped[str]", "kind": "variable", "scope": "User", "scopeKind": "class"}, {"_type": "tag", "name": "password_hash", "path": "/home/kavia/workspace/code-generation/rideconnect-201071-201080/taxi_backend/src/api/models/user.py", "pattern": "/^    password_hash: Mapped[str] = mapped_column(Text, nullable=False)$/", "language": "Python", "typeref": "typename:Mapped[str]", "kind": "variable", "scope": "User", "scopeKind": "class"}, {"_type": "tag", "name": "rider", "path": "/home/kavia/workspace/code-generation/rideconnect-201071-201080/taxi_backend/src/api/models/user.py", "pattern": "/^    rider = \"rider\"$/", "language": "Python", "kind": "variable", "scope": "UserRole", "scopeKind": "class"}, {"_type": "tag", "name": "role", "path": "/home/kavia/workspace/code-generation/rideconnect-201071-201080/taxi_backend/src/api/models/user.py", "pattern": "/^    role: Mapped[UserRole] = mapped_column(Enum(UserRole, name=\"user_role\"), nullable=False)$/", "language": "Python", "typeref": "typename:Mapped[UserRole]", "kind": "variable", "scope": "User", "scopeKind": "class"}], "hash": "c657c076aede604f7003a49751455b6a", "format-version": 4, "code-base-name": "taxi_backend", "filename": "taxi_backend/src/api/models/user.py", "fields": [{"name": "__tablename__ = \"users\"", "scope": "User", "scopeKind": "class", "description": "unavailable"}, {"name": "Mapped[datetime] created_at", "scope": "User", "scopeKind": "class", "description": "unavailable"}, {"name": "driver = \"driver\"", "scope": "UserRole", "scopeKind": "class", "description": "unavailable"}, {"name": "Mapped[str] email", "scope": "User", "scopeKind": "class", "description": "unavailable"}, {"name": "Mapped[uuid.UUID] id", "scope": "User", "scopeKind": "class", "description": "unavailable"}, {"name": "Mapped[str] name", "scope": "User", "scopeKind": "class", "description": "unavailable"}, {"name": "Mapped[str] password_hash", "scope": "User", "scopeKind": "class", "description": "unavailable"}, {"name": "rider = \"rider\"", "scope": "UserRole", "scopeKind": "class", "description": "unavailable"}, {"name": "Mapped[UserRole] role", "scope": "User", "scopeKind": "class", "description": "unavailable"}], "revision_history": [{"24": "b53360eed3aee7a750477fd2b1cbb607a0f73555"}]}