{"is_source_file": true, "format": "Python", "description": "This file is the main entry point for a FastAPI application for the RideConnect Taxi Backend. It sets up the API instance, includes routers for authentication and user profile management, configures CORS middleware, and provides a health check endpoint.", "external_files": ["src/api/routers/auth", "src/api/routers/users"], "external_methods": ["auth_router.router", "users_router.router"], "published": ["health_check"], "classes": [], "methods": [{"name": "health_check()", "description": "Returns a simple health response indicating the app is healthy.", "scope": "", "scopeKind": ""}], "calls": ["fastapi.FastAPI", "fastapi.middleware.cors.CORSMiddleware", "app.include_router"], "search-terms": ["FastAPI main app", "health check endpoint", "authentication router", "user profile router", "CORS middleware setup"], "state": 2, "file_id": 2, "knowledge_revision": 19, "git_revision": "b53360eed3aee7a750477fd2b1cbb607a0f73555", "revision_history": [{"9": "6b104f6b665f9d0a327862511b44583b94d23bc9"}, {"19": "b53360eed3aee7a750477fd2b1cbb607a0f73555"}], "ctags": [{"_type": "tag", "name": "app", "path": "/home/kavia/workspace/code-generation/rideconnect-201071-201080/taxi_backend/src/api/main.py", "pattern": "/^app = FastAPI($/", "language": "Python", "kind": "variable"}, {"_type": "tag", "name": "auth_router", "path": "/home/kavia/workspace/code-generation/rideconnect-201071-201080/taxi_backend/src/api/main.py", "pattern": "/^from src.api.routers import auth as auth_router$/", "language": "Python", "kind": "unknown", "nameref": "unknown:auth"}, {"_type": "tag", "name": "health_check", "path": "/home/kavia/workspace/code-generation/rideconnect-201071-201080/taxi_backend/src/api/main.py", "pattern": "/^def health_check():$/", "language": "Python", "kind": "function", "signature": "()"}, {"_type": "tag", "name": "openapi_tags", "path": "/home/kavia/workspace/code-generation/rideconnect-201071-201080/taxi_backend/src/api/main.py", "pattern": "/^openapi_tags = [$/", "language": "Python", "kind": "variable"}, {"_type": "tag", "name": "users_router", "path": "/home/kavia/workspace/code-generation/rideconnect-201071-201080/taxi_backend/src/api/main.py", "pattern": "/^from src.api.routers import users as users_router$/", "language": "Python", "kind": "unknown", "nameref": "unknown:users"}], "hash": "0aa71df4e03edc9d0cc5f5e17ee89b33", "format-version": 4, "code-base-name": "taxi_backend", "filename": "taxi_backend/src/api/main.py", "fields": [{"name": "app = FastAPI(", "scope": "", "scopeKind": "", "description": "unavailable"}, {"name": "openapi_tags = [", "scope": "", "scopeKind": "", "description": "unavailable"}]}