{"is_source_file": true, "format": "Python", "description": "This file defines an ORM model class `Driver` for the 'drivers' table in a database, using SQLAlchemy. It maps the database columns to Python attributes and establishes relationships with other models.", "external_files": ["src.api.models.base"], "external_methods": [], "published": ["Driver"], "classes": [{"name": "Driver", "description": "An ORM model representing the drivers table, including fields like vehicle info, license number, rating, availability, location, and a relationship to the User model."}], "methods": [], "calls": ["func.now()"], "search-terms": ["Driver class", "drivers table ORM", "SQLAlchemy model", "UUID primary key", "relationship with User"], "state": 2, "file_id": 17, "knowledge_revision": 38, "git_revision": "23b82ba9e8b2c4e5c12af7076dacb93007e4e990", "ctags": [{"_type": "tag", "name": "Driver", "path": "/home/kavia/workspace/code-generation/rideconnect-201071-201080/taxi_backend/src/api/models/driver.py", "pattern": "/^class Driver(Base):$/", "language": "Python", "kind": "class"}, {"_type": "tag", "name": "__tablename__", "path": "/home/kavia/workspace/code-generation/rideconnect-201071-201080/taxi_backend/src/api/models/driver.py", "pattern": "/^    __tablename__ = \"drivers\"$/", "file": true, "language": "Python", "kind": "variable", "scope": "Driver", "scopeKind": "class"}, {"_type": "tag", "name": "id", "path": "/home/kavia/workspace/code-generation/rideconnect-201071-201080/taxi_backend/src/api/models/driver.py", "pattern": "/^    id: Mapped[uuid.UUID] = mapped_column($/", "language": "Python", "typeref": "typename:Mapped[uuid.UUID]", "kind": "variable", "scope": "Driver", "scopeKind": "class"}, {"_type": "tag", "name": "is_available", "path": "/home/kavia/workspace/code-generation/rideconnect-201071-201080/taxi_backend/src/api/models/driver.py", "pattern": "/^    is_available: Mapped[bool] = mapped_column(Boolean, nullable=False, server_default=\"false\")$/", "language": "Python", "typeref": "typename:Mapped[bool]", "kind": "variable", "scope": "Driver", "scopeKind": "class"}, {"_type": "tag", "name": "license_no", "path": "/home/kavia/workspace/code-generation/rideconnect-201071-201080/taxi_backend/src/api/models/driver.py", "pattern": "/^    license_no: Mapped[str | None] = mapped_column(Text, nullable=True)$/", "language": "Python", "typeref": "typename:Mapped[str | None]", "kind": "variable", "scope": "Driver", "scopeKind": "class"}, {"_type": "tag", "name": "location_lat", "path": "/home/kavia/workspace/code-generation/rideconnect-201071-201080/taxi_backend/src/api/models/driver.py", "pattern": "/^    location_lat: Mapped[float | None] = mapped_column(nullable=True)$/", "language": "Python", "typeref": "typename:Mapped[float | None]", "kind": "variable", "scope": "Driver", "scopeKind": "class"}, {"_type": "tag", "name": "location_lng", "path": "/home/kavia/workspace/code-generation/rideconnect-201071-201080/taxi_backend/src/api/models/driver.py", "pattern": "/^    location_lng: Mapped[float | None] = mapped_column(nullable=True)$/", "language": "Python", "typeref": "typename:Mapped[float | None]", "kind": "variable", "scope": "Driver", "scopeKind": "class"}, {"_type": "tag", "name": "rating", "path": "/home/kavia/workspace/code-generation/rideconnect-201071-201080/taxi_backend/src/api/models/driver.py", "pattern": "/^    rating: Mapped[float] = mapped_column(Numeric(3, 2), nullable=False, server_default=\"5.00\")$/", "language": "Python", "typeref": "typename:Mapped[float]", "kind": "variable", "scope": "Driver", "scopeKind": "class"}, {"_type": "tag", "name": "updated_at", "path": "/home/kavia/workspace/code-generation/rideconnect-201071-201080/taxi_backend/src/api/models/driver.py", "pattern": "/^    updated_at: Mapped[datetime] = mapped_column($/", "language": "Python", "typeref": "typename:Mapped[datetime]", "kind": "variable", "scope": "Driver", "scopeKind": "class"}, {"_type": "tag", "name": "user", "path": "/home/kavia/workspace/code-generation/rideconnect-201071-201080/taxi_backend/src/api/models/driver.py", "pattern": "/^    user = relationship(\"User\", lazy=\"joined\")$/", "language": "Python", "kind": "variable", "scope": "Driver", "scopeKind": "class"}, {"_type": "tag", "name": "vehicle_info", "path": "/home/kavia/workspace/code-generation/rideconnect-201071-201080/taxi_backend/src/api/models/driver.py", "pattern": "/^    vehicle_info: Mapped[str | None] = mapped_column(Text, nullable=True)$/", "language": "Python", "typeref": "typename:Mapped[str | None]", "kind": "variable", "scope": "Driver", "scopeKind": "class"}], "hash": "d51fc93db66aa34f9186fe8d7ad18014", "format-version": 4, "code-base-name": "taxi_backend", "filename": "taxi_backend/src/api/models/driver.py", "fields": [{"name": "__tablename__ = \"drivers\"", "scope": "Driver", "scopeKind": "class", "description": "unavailable"}, {"name": "Mapped[uuid.UUID] id", "scope": "Driver", "scopeKind": "class", "description": "unavailable"}, {"name": "Mapped[bool] is_available", "scope": "Driver", "scopeKind": "class", "description": "unavailable"}, {"name": "Mapped[str | None] license_no", "scope": "Driver", "scopeKind": "class", "description": "unavailable"}, {"name": "Mapped[float | None] location_lat", "scope": "Driver", "scopeKind": "class", "description": "unavailable"}, {"name": "Mapped[float | None] location_lng", "scope": "Driver", "scopeKind": "class", "description": "unavailable"}, {"name": "Mapped[float] rating", "scope": "Driver", "scopeKind": "class", "description": "unavailable"}, {"name": "Mapped[datetime] updated_at", "scope": "Driver", "scopeKind": "class", "description": "unavailable"}, {"name": "user = relationship(\"User\", lazy=\"joined\")", "scope": "Driver", "scopeKind": "class", "description": "unavailable"}, {"name": "Mapped[str | None] vehicle_info", "scope": "Driver", "scopeKind": "class", "description": "unavailable"}], "revision_history": [{"38": "23b82ba9e8b2c4e5c12af7076dacb93007e4e990"}]}