{"is_source_file": true, "format": "Python", "description": "This file defines a base class for all SQLAlchemy ORM models, serving as a superclass for database models.", "external_files": ["sqlalchemy.orm"], "external_methods": ["sqlalchemy.orm.DeclarativeBase"], "published": ["Base"], "classes": [{"name": "Base", "description": "A base class for all SQLAlchemy ORM models, inheriting from DeclarativeBase."}], "methods": [], "calls": [], "search-terms": ["SQLAlchemy", "DeclarativeBase", "orm base class", "base model"], "state": 2, "file_id": 6, "knowledge_revision": 20, "git_revision": "b53360eed3aee7a750477fd2b1cbb607a0f73555", "ctags": [{"_type": "tag", "name": "Base", "path": "/home/kavia/workspace/code-generation/rideconnect-201071-201080/taxi_backend/src/api/models/base.py", "pattern": "/^class Base(DeclarativeBase):$/", "language": "Python", "kind": "class"}], "hash": "9b28d010cbce2122c46948040b98539f", "format-version": 4, "code-base-name": "taxi_backend", "filename": "taxi_backend/src/api/models/base.py", "revision_history": [{"20": "b53360eed3aee7a750477fd2b1cbb607a0f73555"}]}